股票代號,股票名稱,今日股數,股數變動,權重(%),權重增加比例,新增偵測,ETF代號,ETF名稱
0,LUMENTUM HOLDINGS INC,7470.0,190.0,7.47,0.1899999999999995,-,00988A,統一全球創新
1,BLOOM ENERGY CORP- A,6630.0,190.0,6.63,0.1899999999999995,-,00988A,統一全球創新
3037,欣興,6260.0,360.0,6.26,0.35999999999999943,-,00988A,統一全球創新
3,SPACE EXPLORATION TECHN-CL A,5140.0,290.0,5.14,0.29000000000000004,-,00988A,統一全球創新
4,SAMSUNG ELECTRO-MECHANICS CO(009150 KS),4810.0,20.0,4.81,0.019999999999999574,-,00988A,統一全球創新
5,MURATA MANUFACTURING CO LTD,4260.0,-70.0,4.26,-0.07000000000000028,-,00988A,統一全球創新
6,INTEL CORP,3860.0,-70.0,3.86,-0.07000000000000028,-,00988A,統一全球創新
7,PALO ALTO NETWORKS INC,3560.0,20.0,3.56,0.020000000000000018,-,00988A,統一全球創新
2454,聯發科,3470.0,-60.0,3.47,-0.05999999999999961,-,00988A,統一全球創新
9,MICRON TECHNOLOGY INC,3290.0,-110.0,3.29,-0.10999999999999988,-,00988A,統一全球創新
2330,台灣積體電路,9830.0,40.0,9.83,0.040000000000000924,-,00981A,統一台股增長
3037,欣興,8870.0,-90.0,8.87,-0.09000000000000163,-,00981A,統一台股增長
2383,台光電,8820.0,590.0,8.82,0.5899999999999999,-,00981A,統一台股增長
2454,聯發科,8750.0,150.0,8.75,0.15000000000000036,-,00981A,統一台股增長
3017,奇鋐,7240.0,320.0,7.24,0.3200000000000003,-,00981A,統一台股增長
3653,健策,6000.0,190.0,6.0,0.1900000000000004,-,00981A,統一台股增長
6,國巨*,5160.0,-130.0,5.16,-0.1299999999999999,-,00981A,統一台股增長
2308,台達電,4930.0,170.0,4.93,0.16999999999999993,-,00981A,統一台股增長
6223,旺矽,4590.0,60.0,4.59,0.05999999999999961,-,00981A,統一台股增長
8046,南電,4450.0,4450.0,4.45,4.45,★ 新進,00981A,統一台股增長
2330,台灣積體電路,8610.0,-50.0,8.61,-0.05000000000000071,-,00982A,群益台灣強棒
2454,聯發科,7090.0,60.0,7.09,0.05999999999999961,-,00982A,群益台灣強棒
2,穩懋,6550.0,40.0,6.55,0.040000000000000036,-,00982A,群益台灣強棒
3,亞翔,5520.0,-40.0,5.52,-0.040000000000000036,-,00982A,群益台灣強棒
2059,川湖,4460.0,260.0,4.46,0.2599999999999998,-,00982A,群益台灣強棒
6669,緯穎,4070.0000000000005,-19.999999999999545,4.07,-0.019999999999999574,-,00982A,群益台灣強棒
6,愛普*,4010.0,70.0,4.01,0.06999999999999984,-,00982A,群益台灣強棒
2360,致茂,3660.0,90.0,3.66,0.0900000000000003,-,00982A,群益台灣強棒
8,昇達科,3590.0,170.0,3.59,0.16999999999999993,-,00982A,群益台灣強棒
9,臻鼎-KY,3390.0,10.0,3.39,0.010000000000000231,-,00982A,群益台灣強棒
3017,奇鋐,4600.0,140.0,4.6,0.13999999999999968,-,00984A,安聯台灣高息成長
2330,台灣積體電路,4480.0,270.0,4.48,0.27000000000000046,-,00984A,安聯台灣高息成長
2881,富邦金,4010.0,-40.0,4.01,-0.040000000000000036,-,00984A,安聯台灣高息成長
3,台新新光金,3260.0,-40.0,3.26,-0.040000000000000036,-,00984A,安聯台灣高息成長
2885,元大金,3150.0,10.0,3.15,0.009999999999999787,-,00984A,安聯台灣高息成長
2882,國泰金,3140.0,-60.0,3.14,-0.06000000000000005,-,00984A,安聯台灣高息成長
1301,台塑,3000.0,-100.0,3.0,-0.10000000000000009,-,00984A,安聯台灣高息成長
2408,南亞科,2800.0,200.0,2.8,0.19999999999999973,-,00984A,安聯台灣高息成長
2059,川湖,2640.0,190.0,2.64,0.18999999999999995,-,00984A,安聯台灣高息成長
2395,研華,2640.0,40.0,2.64,0.040000000000000036,-,00984A,安聯台灣高息成長
2330,台灣積體電路,16010.000000000002,3170.000000000002,16.01,3.1700000000000017,-,00985A,野村台灣50
2330,台灣積體電路,16010.000000000002,13920.000000000002,16.01,13.920000000000002,-,00985A,野村台灣50
2345,智邦,4570.0,4570.0,4.57,4.57,★ 新進,00985A,野村台灣50
2376,技嘉,4150.0,160.0,4.15,0.16000000000000014,-,00985A,野村台灣50
3,日月光投資控股,3680.0,3680.0,3.68,3.68,★ 新進,00985A,野村台灣50
4,昇達科技,3320.0,-480.0,3.32,-0.48,-,00985A,野村台灣50
2395,研華,2990.0,190.0,2.99,0.1900000000000004,-,00985A,野村台灣50
6,國巨,2940.0,2940.0,2.94,2.94,★ 新進,00985A,野村台灣50
4904,遠傳,2800.0,-1300.0,2.8,-1.2999999999999998,-,00985A,野村台灣50
3653,健策,2730.0,2730.0,2.73,2.73,★ 新進,00985A,野村台灣50
3017,奇鋐,2400.0,2400.0,2.4,2.4,★ 新進,00985A,野村台灣50
2330,台灣積體電路,8750.0,80.0,8.75,0.08000000000000007,-,00987A,台新優勢成長
3037,欣興,8300.0,-40.0,8.3,-0.03999999999999915,-,00987A,台新優勢成長
3017,奇鋐,7040.0,150.0,7.04,0.15000000000000036,-,00987A,台新優勢成長
2383,台光電,6240.0,450.0,6.24,0.4500000000000002,-,00987A,台新優勢成長
2454,聯發科,6240.0,140.0,6.24,0.14000000000000057,-,00987A,台新優勢成長
6274,台燿,5040.0,360.0,5.04,0.3600000000000003,-,00987A,台新優勢成長
3653,健策,4900.0,190.0,4.9,0.1900000000000004,-,00987A,台新優勢成長
3443,創意,4220.0,260.0,4.22,0.2599999999999998,-,00987A,台新優勢成長
3665,貿聯,4130.0,-170.0,4.13,-0.16999999999999993,-,00987A,台新優勢成長
9,全新,3660.0,3660.0,3.66,3.66,★ 新進,00987A,台新優勢成長
2330,台灣積體電路,13120.0,90.0,13.12,0.08999999999999986,-,00991A,復華未來50
2383,台光電,9330.0,640.0,9.33,0.6400000000000006,-,00991A,復華未來50
3037,欣興,8480.0,60.0,8.48,0.0600000000000005,-,00991A,復華未來50
2059,川湖,7780.0,540.0,7.78,0.54,-,00991A,復華未來50
2408,南亞科,7710.0,-780.0,7.71,-0.7800000000000002,-,00991A,復華未來50
2454,聯發科,7080.0,140.0,7.08,0.13999999999999968,-,00991A,復華未來50
1303,南亞,6170.0,10.0,6.17,0.009999999999999787,-,00991A,復華未來50
3189,景碩,6140.0,280.0,6.14,0.27999999999999936,-,00991A,復華未來50
3017,奇鋐,5430.0,90.0,5.43,0.08999999999999986,-,00991A,復華未來50
9,國巨股份,4560.0,-100.0,4.56,-0.10000000000000053,-,00991A,復華未來50
3037,欣興,7300.0,-200.0,7.3,-0.20000000000000018,-,00992A,群益科技創新
3017,奇鋐,6940.0,10.0,6.94,0.010000000000000675,-,00992A,群益科技創新
3665,貿聯,6410.0,-410.0,6.41,-0.41000000000000014,-,00992A,群益科技創新
2330,台灣積體電路,6380.0,-80.0,6.38,-0.08000000000000007,-,00992A,群益科技創新
2383,台光電,5890.0,310.0,5.89,0.3099999999999996,-,00992A,群益科技創新
5,高力,5770.0,5770.0,5.77,5.77,★ 新進,00992A,群益科技創新
2345,智邦,5550.0,80.0,5.55,0.08000000000000007,-,00992A,群益科技創新
2059,川湖,5040.0,260.0,5.04,0.2599999999999998,-,00992A,群益科技創新
3008,大立光,4380.0,120.0,4.38,0.1200000000000001,-,00992A,群益科技創新
6223,旺矽,4220.0,-10.0,4.22,-0.010000000000000675,-,00992A,群益科技創新
2330,台灣積體電路,8340.0,20.0,8.34,0.019999999999999574,-,00993A,安聯台灣
3037,欣興,6520.0,-90.0,6.52,-0.09000000000000075,-,00993A,安聯台灣
2454,聯發科,6270.0,80.0,6.27,0.07999999999999918,-,00993A,安聯台灣
3017,奇鋐,5620.0,70.0,5.62,0.07000000000000028,-,00993A,安聯台灣
2383,台光電,5340.0,340.0,5.34,0.33999999999999986,-,00993A,安聯台灣
3443,創意,5260.0,280.0,5.26,0.27999999999999936,-,00993A,安聯台灣
3189,景碩,4470.0,60.0,4.47,0.05999999999999961,-,00993A,安聯台灣
6223,旺矽,4200.0,40.0,4.2,0.040000000000000036,-,00993A,安聯台灣
6669,緯穎,3890.0,10.0,3.89,0.010000000000000231,-,00993A,安聯台灣
5274,信驊,3730.0,30.0,3.73,0.029999999999999805,-,00993A,安聯台灣
2330,台灣積體電路,13680.0,-120.0,13.68,-0.120000000000001,-,00994A,第一金台股優選
3037,欣興,6790.0,-160.0,6.79,-0.16000000000000014,-,00994A,第一金台股優選
2454,聯發科,6150.0,30.0,6.15,0.03000000000000025,-,00994A,第一金台股優選
3017,奇鋐,6010.0,10.0,6.01,0.009999999999999787,-,00994A,第一金台股優選
2383,台光電,5580.0,300.0,5.58,0.2999999999999998,-,00994A,第一金台股優選
6274,台燿,5120.0,280.0,5.12,0.28000000000000025,-,00994A,第一金台股優選
2059,川湖,4040.0,230.0,4.04,0.22999999999999998,-,00994A,第一金台股優選
3443,創意,3950.0,180.0,3.95,0.18000000000000016,-,00994A,第一金台股優選
8046,南電,3890.0,-60.0,3.89,-0.06000000000000005,-,00994A,第一金台股優選
3653,健策,3750.0,70.0,3.75,0.06999999999999984,-,00994A,第一金台股優選
2330,台灣積體電路,8800.0,-100.0,8.8,-0.09999999999999964,-,00995A,中信台灣卓越
2383,台光電,8070.0,450.0,8.07,0.4500000000000002,-,00995A,中信台灣卓越
2454,聯發科,7510.0,30.0,7.51,0.02999999999999936,-,00995A,中信台灣卓越
3017,奇鋐,5640.0,20.0,5.64,0.019999999999999574,-,00995A,中信台灣卓越
1303,南亞,4990.0,-80.0,4.99,-0.08000000000000007,-,00995A,中信台灣卓越
3653,健策,4670.0,90.0,4.67,0.08999999999999986,-,00995A,中信台灣卓越
2308,台達電,4330.0,100.0,4.33,0.09999999999999964,-,00995A,中信台灣卓越
6223,旺矽,4120.0,0.0,4.12,0.0,-,00995A,中信台灣卓越
3665,貿聯,3960.0,-240.0,3.96,-0.2400000000000002,-,00995A,中信台灣卓越
6669,緯穎,3600.0,-1470.0,3.6,-1.4700000000000002,-,00995A,中信台灣卓越
2330,台灣積體電路,8930.0,20.0,8.93,0.019999999999999574,-,00996A,兆豐台灣豐收
2454,聯發科,6820.0,100.0,6.82,0.10000000000000053,-,00996A,兆豐台灣豐收
2,臻鼎-KY,6280.0,-10.0,6.28,-0.009999999999999787,-,00996A,兆豐台灣豐收
2308,台達電,5440.0,180.0,5.44,0.1800000000000006,-,00996A,兆豐台灣豐收
4,國巨,5200.0,5200.0,5.2,5.2,★ 新進,00996A,兆豐台灣豐收
3443,創意,4460.0,240.0,4.46,0.2400000000000002,-,00996A,兆豐台灣豐收
6,精測,4400.0,4400.0,4.4,4.4,★ 新進,00996A,兆豐台灣豐收
2383,台光電,4300.0,280.0,4.3,0.28000000000000025,-,00996A,兆豐台灣豐收
8,尖點,3790.0,290.0,3.79,0.29000000000000004,-,00996A,兆豐台灣豐收
9,台表科,3450.0,60.0,3.45,0.06000000000000005,-,00996A,兆豐台灣豐收
2330,台灣積體電路,8670.0,-110.0,8.67,-0.10999999999999943,-,00400A,國泰動能高息
2454,聯發科,6950.0,10.0,6.95,0.009999999999999787,-,00400A,國泰動能高息
2059,川湖,5350.0,280.0,5.35,0.27999999999999936,-,00400A,國泰動能高息
2383,台光電,5230.0,260.0,5.23,0.2600000000000007,-,00400A,國泰動能高息
3037,欣興,5220.0,-140.0,5.22,-0.14000000000000057,-,00400A,國泰動能高息
3653,健策,5180.0,80.0,5.18,0.08000000000000007,-,00400A,國泰動能高息
3017,奇鋐,4400.0,0.0,4.4,0.0,-,00400A,國泰動能高息
2308,台達電,4370.0,90.0,4.37,0.08999999999999986,-,00400A,國泰動能高息
3443,創意,4340.0,180.0,4.34,0.17999999999999972,-,00400A,國泰動能高息
2408,南亞科,3880.0,200.0,3.88,0.19999999999999973,-,00400A,國泰動能高息
2330,台灣積體電路,20130.0,170.0,20.13,0.16999999999999815,-,00401A,摩根台灣鑫收
1,CASH,7780.0,-170.0,7.78,-0.16999999999999993,-,00401A,摩根台灣鑫收
2454,聯發科,6790.0,140.0,6.79,0.13999999999999968,-,00401A,摩根台灣鑫收
2308,台達電,2600.0,100.0,2.6,0.10000000000000009,-,00401A,摩根台灣鑫收
3711,ASE,2600.0,50.0,2.6,0.050000000000000266,-,00401A,摩根台灣鑫收
3037,欣興,2550.0,-10.0,2.55,-0.010000000000000231,-,00401A,摩根台灣鑫收
6,全新光電科技,2410.0,2410.0,2.41,2.41,★ 新進,00401A,摩根台灣鑫收
7,聯華電子,2390.0,40.0,2.39,0.040000000000000036,-,00401A,摩根台灣鑫收
3008,大立光,2290.0,100.0,2.29,0.10000000000000009,-,00401A,摩根台灣鑫收
5274,信驊,2009.9999999999998,2009.9999999999998,2.01,2.01,★ 新進,00401A,摩根台灣鑫收
