股票代號,股票名稱,股數變動
0,LUMENTUM HOLDINGS INC,380.0
1,BLOOM ENERGY CORP- A,640.0
1,CASH,49.99999999999909
1,日月光投資控股,80.0
1303,南亞,490.0
2,穩懋,500.0
2,臻鼎-KY,60.0
2059,川湖,-350.0
2303,聯電,10.0
2308,台達電,970.0
2330,台灣積體電路,110.0
2345,智邦,-130.0
2360,致茂,-120.0
2376,技嘉,-60.0
2379,瑞昱,-20.0
2382,廣達,-20.0
2383,台光電,779.9999999999982
2395,研華,-40.0
2408,南亞科,380.0
2412,中華電,-40.000000000000455
2454,聯發科,-1260.0
2603,長榮,60.0
3,SPACE EXPLORATION TECHN-CL A,90.0
3,亞翔,120.0
3008,大立光,-120.0
3017,奇鋐,209.9999999999991
3037,欣興,100.0
3045,台灣大,-50.0
3189,景碩,69.99999999999909
3443,創意,220.0
3653,健策,-460.0
3665,貿聯,810.0
3711,ASE,50.0
4,SAMSUNG ELECTRO-MECHANICS CO(009150 KS),150.0
4,國巨,-30.0
4,高力,20.0
4904,遠傳,-60.0
5,聯華電子,2510.0
5274,信驊,-160.0
6,INTEL CORP,-140.0
6,愛普*,-50.0
6,精測,4300.0
6223,旺矽,-379.99999999999955
6274,台燿,180.0
6669,緯穎,-180.0
7,全新光電科技,30.0
7,國巨*,4760.0
7,昇達科,-60.0
8,PALO ALTO NETWORKS INC,20.0
8,台表科,20.0
8046,南電,3680.0
9,MICRON TECHNOLOGY INC,3340.0
9,亞翔工程,2220.0
9,全新,4450.0
9,國巨股份,-40.0
9,昇達科技,2500.0
9,臻鼎-KY,20.0
9,雍智科技,3510.0
